node,reads,read_length,threads,wall_time_sec,cpu_percent,peak_mem_mb,index_build_time_sec,returncode
lanec2,1000000,76,1,3.655,81,106.6,3.856616711,0
lanec2,1000000,76,2,1.584,196,161.2,3.856616711,0
lanec2,1000000,76,4,1.043,360,241.3,3.856616711,0
lanec2,1000000,76,8,0.97,654,427.5,3.856616711,0
lanec2,1000000,76,16,1.024,1103,761.3,3.856616711,0
lanec2,1000000,76,32,1.073,1382,1131.9,3.856616711,0
lanec2,1000000,100,1,3.493,97,106.6,3.856616711,0
lanec2,1000000,100,2,1.801,196,158.7,3.856616711,0
lanec2,1000000,100,4,1.141,359,242.8,3.856616711,0
lanec2,1000000,100,8,0.871,625,429.5,3.856616711,0
lanec2,1000000,100,16,1.135,1115,741.9,3.856616711,0
lanec2,1000000,100,32,1.018,1134,941.7,3.856616711,0
lanec2,1000000,150,1,4.579,98,104.6,3.856616711,0
lanec2,1000000,150,2,2.329,197,159.2,3.856616711,0
lanec2,1000000,150,4,1.395,359,241.3,3.856616711,0
lanec2,1000000,150,8,1.04,610,419.5,3.856616711,0
lanec2,1000000,150,16,1.093,930,743.8,3.856616711,0
lanec2,1000000,150,32,1.136,1043,920.3,3.856616711,0
lanec2,10000000,76,1,28.544,99,101.1,3.856616711,0
lanec2,10000000,76,2,14.898,199,156.7,3.856616711,0
lanec2,10000000,76,4,8.759,394,232.8,3.856616711,0
lanec2,10000000,76,8,8.803,781,398.1,3.856616711,0
lanec2,10000000,76,16,8.482,1537,748.0,3.856616711,0
lanec2,10000000,76,32,11.586,3025,1414.1,3.856616711,0
lanec2,10000000,100,1,32.377,100,100.1,3.856616711,0
lanec2,10000000,100,2,16.894,199,155.2,3.856616711,0
lanec2,10000000,100,4,9.671,393,243.3,3.856616711,0
lanec2,10000000,100,8,8.726,776,405.4,3.856616711,0
lanec2,10000000,100,16,10.602,1541,750.3,3.856616711,0
lanec2,10000000,100,32,9.077,2966,1446.6,3.856616711,0
lanec2,10000000,150,1,43.21,100,101.5,3.856616711,0
lanec2,10000000,150,2,22.212,199,158.7,3.856616711,0
lanec2,10000000,150,4,12.61,393,232.8,3.856616711,0
lanec2,10000000,150,8,8.904,769,402.7,3.856616711,0
lanec2,10000000,150,16,10.567,1523,744.6,3.856616711,0
lanec2,10000000,150,32,10.788,2951,1436.6,3.856616711,0
lanec2,50000000,76,1,131.069,100,106.5,3.856616711,0
lanec2,50000000,76,2,67.357,199,159.2,3.856616711,0
lanec2,50000000,76,4,37.952,396,230.9,3.856616711,0
lanec2,50000000,76,8,22.952,785,418.9,3.856616711,0
lanec2,50000000,76,16,21.353,1552,745.7,3.856616711,0
lanec2,50000000,76,32,24.875,2725,1422.1,3.856616711,0
lanec2,50000000,100,1,150.505,100,102.2,3.856616711,0
lanec2,50000000,100,2,77.346,199,157.2,3.856616711,0
lanec2,50000000,100,4,41.852,397,232.8,3.856616711,0
lanec2,50000000,100,8,24.53,784,402.3,3.856616711,0
lanec2,50000000,100,16,21.221,1459,741.9,3.856616711,0
lanec2,50000000,100,32,26.725,2427,1414.9,3.856616711,0
lanec2,50000000,150,1,202.701,100,102.5,3.856616711,0
lanec2,50000000,150,2,103.519,199,156.7,3.856616711,0
lanec2,50000000,150,4,54.505,397,239.3,3.856616711,0
lanec2,50000000,150,8,30.074,780,399.5,3.856616711,0
lanec2,50000000,150,16,26.123,1328,748.2,3.856616711,0
lanec2,50000000,150,32,26.048,1991,1431.0,3.856616711,0
